text_num,title,author,pub_year,pub_mon,pub_day
1,GI school projects and their value and transferability to Uzbekistan,"Robert Vogler, Sabine Hennig, I. Abdurahmanov, L. Foldvary",1921,01,06
2,Exotic Cottons as Genetic Sources for Drought Resistance,"W. R. Jordan, J. E. Quisenberry, B. A. Roark, D. W. Fryrear",1981,11,01
3,Computer Aided Design of Hybrid Circuits,"F. Francese, L. Piana, G. P. Ferraris, T. Cagnin",1983,01,01
4,A Biviscous Modified Bingham Model of Snow Avalanche Motion,"T. E. Lang, J. D. Dent",1983,01,01
5,Modifications of the Minirhizotron Video Camera System for Measuring Spatial and Temporal Root Dynamics,"A.J.M. Smucker, J.C. Ferguson",1989,09,01
6,Spectroscopic Study of Surface Redox Reactions with Manganese Oxides,"George W. Bailey, Jeffrey A. Risser",1992,01,01
7,ClimProb: Software for Assisting Climate‐Related Decisionmaking,"Soheil A. Ameri, Steven J. Meyer, Kenneth G. Hubbard",1996,07,01
8,Workshop on: Chemistry of Metals in Medicine - The Industrial Perspective,Peter J. SadlerPeter J. Sadler,1997,01,01
9,Magnetic-Coupling Properties in Polycrystals,L. Fuentes,1998,01,01
10,Using Geographic Information to Acquire Wild Crop Germplasm for Ex Situ Collections: I. Map Development and Field Use,"Thomas C. Hart, Alexandr Afonin, Stephanie L. Greene",1999,05,01
11,RFLP Mapping of QTLs Influencing Shoot Regeneration from Mature Seed‐Derived Calli in Rice,"T. Abe, T. Sasahara, Y. Takeuchi",2000,01,01
12,"Metals, Health and the Environment – Emergence of Correlations Between Speciation and Effects",David R. Williams,2004,01,01
13,Long-term predictability of mean daily temperature data,"M. C. Romano, W. von Bloh, M. Thiel",2005,01,01
14,Spectral Reflectance Methodology in Comparison to Traditional Soil Analysis,"Marcos Rafael Nanni, José Alexandre M. Demattê",2006,03,01
15,MicroRNAs in Development,"Danielle Maatouk, Brian D. Harfe, Michael K. Richardson",2006,01,01
16,A one-dimensional spot welding model,"L. Guessous, M. Shillor, S. V. Putta, K. T. Andrews, S. Nassar",2007,01,28
17,The Last Year of Your Graduate School Experience: Advice from a Major Professor,Mary E. Collins,2008,01,01
18,The impact of shopping mall development on small township retailers,AA Ligthelm,2008,04,01
19,Asymptotic Representation of the Solutions of Linear Volterra Difference Equations,"Elena Braverman, István Győri, László Horváth",2008,04,15
20,Management Effects on Relationships of Crop Yields with Topography Represented by Wetness Index and Precipitation,"Alexandra N. Kravchenko, Li Wang, Xuewen Huang, Lijian Yang",2008,09,01
21,On Multiple Twisted -adic -Euler -Functions and -Functions,"Jin-Woo Son, Min-Soo Kim, Agacik Zafer, Taekyun Kim",2008,08,25
22,The binary boron trifluoride-hydroxylamine molecular complex: N-bound or O-bound?,T. Anthony Ford,2008,01,01
23,Patches in Vision,"Tsuhan Chen, Simon Lucey",2009,04,13
24,Dark Matter Substructure and Dwarf Galactic Satellites,"Ulrich Hopp, Andrey Kravtsov",2009,11,02
25,Energy-Efficient Dynamic Spatial Resolution Control for Wireless Sensor Clusters,"Biyu LiangBiyu Liang, Jeff FrolikJeff Frolik, X. Sean WangX. Sean Wang",2009,01,01
26,Ionosperic anomaly due to seismic activities - Part 1: Calibration of the VLF signal of VTX 18.2 KHz station from Kolkata and deviation during seismic events,"S. Sasmal, S. K. Chakrabarti",2009,01,01
27,High-Resolution Time-Frequency Methods' Performance Analysis,"Ataul Aziz Ikram, Syed Ismail Shah, Sajid Bashir, Imran Shafi, L. F. Chaparro, Jamil Ahmad, Faisal Mahmood Kashif, Adnan Ahmad Khan",2010,08,08
28,Optimal Multitaper Wigner Spectrum Estimation of a Class of Locally Stationary Processes Using Hermite Functions,"Maria Hansson-Sandsten, Haldun emduh Ozaktas",2010,12,15
29,Simulation aided testing of hydro-mechanical processes on clay,"Fabrice Brémand, E. Romero, J. Vaunat, V. Merchán",2010,06,10
30,A Review on Aerosol-Based Direct-Write and Its Applications for Microelectronics,"Kyoung Moon, Artur Lutfurakhmanov, Iskander S. Akhatov, Justin M. Hoey, Douglas L. Schulz",2012,09,05
31,Evaluation of positioning and density profiling accuracy of muon radiography by utilizing a 15-ton steel block,H. K. M. Tanaka,2012,01,01
32,Empirical Bayes Model Comparisons for Differential Methylation Analysis,"Lang Li, G. Pesole, Changyu Shen, Curt Balch, Yadong Wang, Tim H. M. Huang, Kenneth P. Nephew, Yunlong Liu, Mingxiang Teng, Seongho Kim, Guohua Wang",2012,08,22
33,Multi-criteria parameter estimation for the unified land model,"D. P. Lettenmaier, B. Livneh",2012,01,01
34,SDNN/RMSSD as a Surrogate for LF/HF: A Revised Investigation,"Laurent Mevel, Sheng-Chieh Huang, Hui-Min Wang",2012,08,09
35,Diabetic Retinopathy Grading by Digital Curvelet Transform,"Mohammad Reza Akhlaghi, Shirin Hajeb Mohammad Alipour, Hossein Rabbani, Jacek Waniewski",2012,09,12
36,Approximation Analysis for a Common Fixed Point of Finite Family of Mappings Which Are Asymptotically -Strict Pseudocontractive in the Intermediate Sense,"N. Shahzad, Luigi Muglia, H. Zegeye",2013,05,27
37,Antihyperglycemic Effects of Short Term Resveratrol Supplementation in Type 2 Diabetic Patients,"MinKyun Na, Xavier Lieben Louis, Ali Movahed, Iraj Nabipour, Seyed Javad Rekabpour, Sijo Joseph Thandapilly, Liping Yu, Mohammadreza Kalantarhormozi, Thomas Netticadan",2013,01,01
38,Numerical Simulations on Nonlinear Dynamics in Lasers as Related High Energy Physics Phenomena,"Mehmet Bektasoglu, Andreea Rodica Sterian",2013,01,01
39,Global Asymptotic Stability for Nonlinear Functional Integral Equation of Mixed Type,"Zhinan Xia, Naseer Shahzad",2013,01,01
40,A Novel Optimization-Based Approach for Content-Based Image Retrieval,"Manyu Xiao, Gongnan Xie, Feng Gao, Jianghu Lu",2013,12,22
41,Strong Convergence of a General Iterative Method for a Countable Family of Nonexpansive Mappings in Banach Spaces,"Chi-Ming Chen, Chin-Tzong Pang, Eskandar Naraghirad",2013,11,05
42,Effect of Metakaolin on Strength and Efflorescence Quantity of Cement-Based Composites,"Tsai-Lung Weng, Wei-Ting Lin, Eric Lui, An Cheng, Suren Chen, Manoj Jha, Dimitris Aggelis",2013,04,28
43,Macroscopic Modelling of Environmental Influence on Growth and Form of Sponges and Corals Using the Accretive Growth Model,"S.-C. Ngan, Jaap A. Kaandorp, A. A. Polezhaev, M. Glavinovic",2013,02,24
44,Software Fault Location of CNC System Based on Similar Path Set and Artificial Neural Network,"Yan Gu, Xiuhua Yuan, Mehdi Ahmadian, Yiqiang Wang",2013,09,29
45,Singularities of a Space Curve according to the Relatively Parallel Adapted Frame and Its Visualization,"Kue-Hong Chen, Haiming Liu, Donghe Pei",2013,01,01
46,A Review of Hybrid Brain-Computer Interface Systems,"Setare Amiri, Reza Fazel-Rezai, Vahid Asadpour, Dimitrios Pantazis",2013,02,25
47,"A Comparison Study of Growth Factor Expression following Treatment with Transcutaneous Electrical Nerve Stimulation, Saline Solution, Povidone-Iodine, and Lavender Oil in Wounds Healing","Dilek Çeçen, Jenny M. Wilkinson, Adalet Koca Kutlu, Ferihan Çetin, Oya Sayın, Seren Gülşen Gürgen",2013,06,03
48,Design and Reliability of a Novel Heel Rise Test Measuring Device for Plantarflexion Endurance,"Joshua Burns, Claire E. Hiller, Aldrin Ocsing, Adam Imer, Kathryn M. Refshauge, Giorgio Ferriero, Amy D. Sman",2014,01,01
49,Comprehensive Review and Comparative Analysis of Hardware Architectures for Sobel Edge Detector,"Anil Kumar Saini, Sumeet Saurav, Chandra Shekhar, T. Laopoulos, Anil Vohra, X. Yang, Sanjay Singh, Ravi Saini",2014,04,06
50,Wavelet Methods for Solving Fractional Order Differential Equations,"S. Saha Ray, A. K. Gupta, Adem Kılıçman",2014,05,27
51,On Software Defect Prediction Using Machine Learning,"Jinsheng Ren, Guangchun Luo, Ke Qin, Ying Ma, Chin-Yu Huang",2014,02,23
52,Development of Educational Platform for Experiments of Electric Machines,"Yuan-Chieh Chin, Her-Terng Yau",2014,04,22
53,Flood Detection/Monitoring Using Adjustable Histogram Equalization Technique,"Fahim Arif, S. Bourennane, Muhammad Mohsin Riaz, Fakhera Nazir, Abdul Ghafoor, J. Marot",2014,01,02
54,"Erratum to “Comparative Evaluation of Osseointegrated Dental Implants Based on Platform-Switching Concept: Influence of Diameter, Length, Thread Shape, and In-Bone Positioning Depth on Stress-Based Performance”","Luigi Baggi, Michele Di Girolamo, Gianpaolo Sannino, Giuseppe Vairo",2014,01,29
55,Recontextualising assessment resources for use in local settings: opening up the black box of teachers’ knowledge work,Hege Hermansen,2014,12,01
56,The Complexity Uncertain Analysis about Three Differences Old and New Product Pricing Oligarch Retailers Closed-Loop Supply Chain,"Bin Chen, Haydar Akca, Junhai Ma",2014,06,10
57,DS-ARP: A New Detection Scheme for ARP Spoofing Attacks Based on Routing Trace for Ubiquitous Environments,"Young-Sik Jeong, Han-Chieh Chao, Hwa-Young Jeong, Min Su Song, Jong Hyuk Park, Jae Dong Lee",2014,08,27
58,Effect of Video-Based versus Personalized Instruction on Errors during Elastic Tubing Exercises for Musculoskeletal Pain: A Randomized Controlled Trial,"m. c. schraefel, Kenneth Jay, Mikkel Brandt, Lars L. Andersen, Nicola A. Maffiuletti",2014,01,01
59,High Throughput Pseudorandom Number Generator Based on Variable Argument Unified Hyperchaos,"Qingxin Yan, Shihua Yu, Marcelo Lubaszewski, Kaiyu Wang, Zhenan Tang, Xianwei Qi, Yudi Zhou",2014,07,07
60,Dynamic Cooperative Clustering Based Power Assignment: Network Capacity and Lifetime Efficient Topology Control in Cooperative Ad Hoc Networks,"Ling Xiao, G. Yue, Dong Wang, Xiao-Hong Li, F. Yu",2014,01,01
61,On the Second-Order Shape Derivative of the Kohn-Vogelius Objective Functional Using the Velocity Method,"Jerico B. Bacani, Julius Fergy T. Rabago, Julio D. Rossi",2015,12,07
62,Application of Neural Network Modeling to Identify Auditory Processing Disorders in School-Age Children,"Sridhar Krishnamurti, Paolo Gastaldo",2015,04,30
63,On Data Space Selection and Data Processing for Parameter Identification in a Reaction-Diffusion Model Based on FRAP Experiments,"Stefan Kindermann, Benito M. Chen-Charpentier, Štěpán Papáček",2015,08,05
64,Development and Characterization of Microsatellite Markers for Veratrum maackii (Melanthiaceae),"Satoshi Iijima, Yue Li, Masayuki Maki",2015,06,05
65,Summary of GOOSE Substation Communication,"X.L. Chen, E.H. Liu, Xiaobo Huang, Zongze Xia, J.W. Gu, Fei Xia",2015,10,06
66,Automatic detection and removal of high‐density impulse noises,"Jieqing Tan, Tian Bai",2015,02,01
67,The Effects of Nonuniform Illumination on the Electrical Performance of a Single Conventional Photovoltaic Cell,"Mervyn Smyth, Elias Stathatos, Jayanta Mondol, Damasen Ikwaba Paul, Aggelos Zacharopoulos",2015,11,10
68,Throughput‐based rate adaptation algorithm for IEEE 802.11 vehicle networks,"Zuoyin Tang, Jianhua He, Ayoade Ilori, Yue Li",2015,03,01
69,Differential Evolution with Population and Strategy Parameter Adaptation,"V. Gonuguntla, R. Mallipeddi, Francesco Ubertini, Kalyana C. Veluvolu",2015,03,10
70,Five‐year biomarker progression variability for Alzheimer's disease dementia prediction: Can a complex instrumental activities of daily living marker fill in the gaps?,"Ioannis Tarnanas, Anthoula Tsolaki, Magda Tsolaki, Mark Wiederhold, Brenda Wiederhold",2015,12,01
71,A Research and Implementation of Internal Medicine Diagnosis Assisted by Intelligence Knowledge Base,"Xiaohui Zhang, J.Y. Li, M. Tian, T. Deng, T.Y. Liu",2015,07,09
72,A Fusion Based Particle Filter TBD Algorithm for Dim Targets,"Yun Sun, Hongbo Yu, Qian Cao, Guohong Wang",2015,07,01
73,Hysteresis Control for Shunt Active Power Filter under Unbalanced Three-Phase Load Conditions,"A. Omeiri, S. Saad, R. Toufouti, Muhammad Taher Abuelma’atti, Z. Chelli",2015,03,26
74,Reflections on Blended Learning: A Case Study at the Open University of Hong Kong,Anna Wing Bo Tso,2015,06,01
75,Bilateral Sclerosing Stromal Ovarian Tumor in an Adolescent,"Betty Chung, Mitchell Simon, Ian Marshall, Anjani Naidu, Yoshito Tsushima",2015,05,06
76,Stochastic Effects for the Reaction-Duffing Equation with Wick-Type Product,"Jin Hyuk Choi, Antonio Scarfone, Hyunsoo Kim, SeungGwan Lee",2016,10,16
77,The Analysis and Calculation Method of Urban Rail Transit Carrying Capacity Based on Express-Slow Mode,"Zhigang Liu, Hua Hu, Xingfang Xu, Shengrun Zhang, Xiaobing Ding, Weixiang Xu, Chunlin Chen",2016,09,05
78,Cross-Layer Control with Worst Case Delay Guarantees in Multihop Wireless Networks,"Vinod Sharma, Honglin Zhao, Shu Fan",2016,10,10
79,Where are the female science professors? A personal perspective,Shina Caroline Lynn Kamerlin,2016,01,01
80,Boundedness of discretised non‐linear systems under fast terminal sliding mode control,"Wei Ren, Quanhongbo Gan, Junlin Xiong",2016,10,01
81,Digital aesthetic war machines in societies of control: Perrin and Cluzaud's Oceans (2009),"Inge Kvonik, Adrian Konik",2016,01,01
82,DebrisInterMixing-2.3: a finite volume solver for three-dimensional debris-flow simulations with two calibration parameters - Part 1: Model description,"Brian W. McArdell, Dieter Rickenmann, James W. Kirchner, Albrecht von Boetticher, Jens M. Turowski",2016,01,01
83,A Firefly Colony and Its Fuzzy Approach for Server Consolidation and Virtual Machine Placement in Cloud Datacenters,"Boominathan Perumal, Ashok B. Kulkarni, Aramudhan Murugaiyan",2016,03,28
84,Visual Simultaneous Localization And Mapping (VSLAM) methods applied to indoor 3D topographical and radiological mapping in real-time,"Benjamin Chagneau, Roger Abou-Khalil, F. Malvagi, F. Malouch, C.M’B. Diop, Felix Hautot, Philippe Dubart, Charles-Olivier Bacri",2017,09,25
85,A study on some basic features of inertial oscillations and near-inertial internal waves,"Shengli Chen, Daoyi Chen, Jiuxing Xing",2017,01,01
86,Competing opinion diffusion on social networks,Haibo Hu,2017,11,01
87,Sliding Charge Density Wave Induces Electron Transport,"M. Renard, P. Monceau",2017,07,13
88,Adaptive Neural Output Feedback Control for Uncertain Robot Manipulators with Input Saturation,"Rong Mei, Yanan Li, ChengJiang Yu",2017,08,07
89,High Contrast PET Imaging of GRPR Expression in Prostate Cancer Using Cobalt-Labeled Bombesin Antagonist RM26,"Ulrika Rosenström, Johan Hygum Dam, Vladimir Tolmachev, Anna Orlova, Helge Thisgaard, Bogdan Mitran, Mats Larhed, Ralf Schirrmacher",2017,08,10
90,"Application of Multi-lens Video Editing Technology in Multi-media Interactive Teaching of ""Aerobics""",Xiaoyan Zhong,2017,02,28
91,Cooperative Full-Duplex Physical and MAC Layer Design in Asynchronous Cognitive Networks,"Jiancao Hou, Gonzalo Vazquez-Vilar, Teddy Febrianto, Mohammad Shikh-Bahaei",2017,11,19
92,Conformity checking of LPG Transportation Trucks by Modelling and Simulation,"Mohamed Tkiouat, Hafida Bouloiz, Emmanuel Garbolino, B. Abou El Madj, Maryam Gallab, M. Bouya",2017,04,14
93,Modeling the Influence of the Penetration Channel’s Shape on Plasma Parameters When Handling Highly Concentrated Energy Sources,"Dmitriy N. Trushnikov, K. P. Karunakaran, Ekaterina S. Salomatova, Igor I. Bezukladnikov, Michael Aizenshtein, Igor L. Sinani",2017,10,12
94,Engineering Center as a tool for HEI’s scientific and innovation potential integration in the real economy,"A.V. Shmidt, T.A. Khudyakova, Y.B. Kolbachev, O.G. Ananova, A.V. Keller, M.A. Izotov, A.V. Babkin, M.S. Minkin, V.V. Savaley, I.A. Bayev, A.A. Radionov",2017,06,26
95,Low‐power sample and hold circuits using current conveyor analogue switches,"Montree Kumngern, Fabian Khateb, Thanat Nonthaputha",2018,07,01
96,Simulation-Based Optimization on the System-of-Systems Model via Model Transformation and Genetic Algorithm: A Case Study of Network-Centric Warfare,"Tag Gon Kim, Se Jung Kwon, Jun Hee Lee, Seon Han Choi, Bong Gu Kang, Laszlo T. Koczy",2018,10,03
97,"The influence of leg-to-body ratio, arm-to-body ratio and intra-limb ratio on male human attractiveness","Robert A. Foley, William J. Skylark, Thomas M. M. Versluys",2018,05,16
98,CREATING RESEARCH INVENTIONS BY COMBINATION OF MULTIPLE THEORIES AND CONCEPTS: AN IMPLICATION FROM DEVELOPING A NEW MATHEMATICAL MODEL FOR CORPORATE ALLIANCES,Satoshi Tomita,2018,06,01
99,Multiple hypothesis tracking algorithm for multi‐target multi‐camera tracking with disjoint views,"Moongu Jeon, Kwangjin Yoon, Young‐min Song",2018,07,01
100,Research and Simulation of Electromagnetic Voltage-Regulated Soft Starter Based on Predictive Control,"Yansong Wang, Xiaoling Chen, Haihua Li",2018,11,19
101,"Differential Associations for Salivary Sodium, Potassium, Calcium, and Phosphate Levels with Carotid Intima Media Thickness, Heart Rate, and Arterial Stiffness","Mohamed Temmar, Carlos Labat, Magnus Bäck, Silke Thul, Rosa M. López-Pintor Muñoz, Athanase Benetos, John Pirault, Simon N. Thornton",2018,12,16
102,Parenting in low-income families from the perspective of social work,"L. Vilka, E. Mydlikova, M. Vodicková, U. Berkis, A. Banovcinova",2018,01,31
103,Influence of Dynamic Loading on Fracture Behaviour of DCB Sandwich Specimen,"R. Vasiu, N. Herisanu, Vyacheslav N. Burlayenko, Tomasz Sadowski, M. Razzaghi, Daniel Pietras",2019,10,15
104,Intelligent Fault Inference of Inverters Based on a Three-Layer Bayesian Network,"Denizar Cruz Martins, Yongsheng He, Shuqing Zheng, Fuzhong Wang, Sumin Han",2019,06,16
105,Integrated synchronous data acquisition subsystem for high‐speed GPR system,"Xianlei Xu, Tian Xia, Dryver Huston, Zheng Ma",2019,10,01
106,Zagreb Connection Indices of Subdivision and Semi-Total Point Operations on Graphs,"Usman Ali, Muhammad Javaid, Juan L. G. Guirao, Jiang-Hua Tang, Khurram Shabbir",2019,12,28
107,Disturbance Observer-Based Robot End Constant Contact Force-Tracking Control,"Xiaohong Liang, Dan Selişteanu, Tie Zhang",2019,10,29
108,ANIMAL DETECTION USING A SERIES OF IMAGES UNDER COMPLEX SHOOTING CONDITIONS,"A. G. Zotin, A. V. Proskurin",2019,01,01
109,A study into the modes of the VVER-1000 RCP starting in an earlier inoperative loop,"Iliya Ye. Bragin, Vladimir I. Belozerov",2019,01,01
110,JOG volume 65 issue 254 Cover and Front matter,,2019,12,01
111,Sensor‐measured physical activity is associated with decreased cardiovascular disease risk in African Americans,"E. Angela Murphy, Edward A. Frongillo, Sarah Eustis, Sara Wilcox, Brent Hutto, John A. Bernhart, Mary J. Wilson, Gabrielle M. Turner‐McGrievy",2020,10,01
112,The effect of preregistration on trust in empirical research findings: results of a registered report,"E.-J. Wagenmakers, Henk A. L. Kiers, Rink Hoekstra, Don van Ravenzwaaij, Anja F. Ernst, Sarahanne M. Field",2020,04,01
113,RF performance reliability of power N‐LDMOS under pulsed‐RF aging life test in radar application S‐band,"Ahmed Almusallam, Mohamed Ali Belaïd, Mohamed Masmoudi",2020,09,01
114,Robust audio retrieval method based on anti‐noise fingerprinting and segmental matching,"Xueshuai Zhang, Yonghong Yan, Pengyuan Zhang, Wenchao Wang, Ge Zhan",2020,03,01
115,Gandouling Tablets Inhibit Excessive Mitophagy in Toxic Milk (TX) Model Mouse of Wilson Disease via Pink1/Parkin Pathway,"Huai-Zhen Chen, Shen-Wei Cui, Liang-Yong Li, Wen-Ming Yang, Xiaojia Chen, Dao-Jun Xie, Jing Zhang, Shan Jin, Lu-Lu Tang, Gu-Ran Yu",2020,12,14
116,Left ventricular segmentation based on a parallel watershed transformation towards an accurate heart function evaluation,"Rachida Saouli, Mohamed Akil, Badii Hmida, Ramzi Mahmoudi, Asma Ammari, Momahed Hedi Bedoui, Narjes Ben Ameur",2020,02,01
117,Financial Trading Strategy System Based on Machine Learning,"Kun Liu, Yanjun Chen, Yuantao Xie, Mingyu Hu, Qian Zhang",2020,07,28
118,A phytosociological survey of aquatic vegetation in the main freshwater lakes of Greece,"Dimitrios Zervas, Ioannis Tsiripidis, Erwin Bergmeier, Vasiliki Tsiaoussi",2020,01,01
119,Fuzzy Social Force Model for Pedestrian Evacuation under View-Limited Condition,"Liying Zhao, Mingtao Chen, Ningbo Cao, Georgios I. Giannopoulos, Ruiqi Luo",2020,11,16
120,Tracing population movements in ancient East Asia through the linguistics and archaeology of textile production,"Martine Robbeets, Sarah Nelson, Mark Hudson, Tao Li, Irina Zhushchikhovskaya",2020,01,01
121,An SDP Method for Copositivity of Partially Symmetric Tensors,"Chunyan Wang, Haibin Chen, Haitao Che, Chuanjun Chen",2020,08,18
122,Applicability of the VisiSize D30 shadowgraph system for cloud microphysical measurements,"Moein Mohammadi, Jakub L. Nowak, Szymon P. Malinowski",2020,01,01
123,Research on Dynamic Monitoring and Ecological Restoration of Mining Environment in the Source Region of the Yellow River,"Wenjia Xu, Xiaoyang Liu, Cunhao Jiang, J. Wu, Jie Wang, R. Weerasinghe, Weiling Yao, C.-H. Weng, Hao Wang",2020,10,15
124,Efficient Authentication for Internet of Things Devices in Information Management Systems,"Fangyuan Ren, Zhenwei Chen, Xiaofeng Wu, Xiaoling Tao, Ximeng Liu, Yiming Li",2021,01,01
125,Improved Particle Swarm Optimization Algorithm in Power System Network Reconfiguration,"Qipeng Song, Yanmin Wu, Sang-Bing Tsai",2021,03,11
126,Synchronization in Dynamically Coupled Fractional-Order Chaotic Systems: Studying the Effects of Fractional Derivatives,"L. J. Ontañón-García, Atila Bueno, C. A. Rodríguez-Martíne, J. L. Echenausía-Monroy, J. Alvarez, J. Pena Ramirez",2021,01,01
127,Nursing of Gastrointestinal Peristalsis Function Recovery after Abdominal Mirror Surgery for Rectal Cancer Patients Based on Intelligent Electronic Medicine,"Sujuan Zhu, Yang Gao, Congkun Ming, Zhitao Li, Xiaofang Song, Yanyan Ding, Jieqiong Pang",2021,01,01
128,Museum and center for contemporary art: design principles and functional features,"Vilnur Kadirov, E. Vdovin, Elena Denisenko, Kamilla Akhmetova, Elza Bashirova",2021,01,01
129,Performance and Emission Characteristics of Pyrolysis Oil Obtained from Neem de Oiled Cake and Waste Polystyrene in a Compression Ignition Engine,"Erol Yilmaz, Aditya Kumar, C. Sowmya Dhanalakshmi, Pandurang Y. Patil, J. Isaac JoshuaRamesh Lalvani, D. Raguraman, J. Samson Isaac, P. Madhu, S. Prasanna Raj Yadav",2021,01,01
130,V3Geo: A cloud-based repository for virtual 3D models in geoscience,"Conor Lewis, Bowei Tong, Jessica Pugsley, Dylan Foster, Kari Ringdal, Magda Chmielewska, Gail Maxwell, Simon John Buckley, Nicole Naumann, John Anthony Howell, Joris Vanbiervliet, Oliver Severin Mulelid-Tynes",2021,01,01
131,Vision Transformer and Deep Sequence Learning for Human Activity Recognition in Surveillance Videos,"Altaf Hussain, Bai Yuan Ding, Tanveer Hussain, Sung Wook Baik, Waseem Ullah",2022,01,01
132,Phase Change Materials in Metal Casting Processes: A Critical Review and Future Possibilities,"Arisha Chadha, Mayank Khanna, S. Ram Kishore, Velmurugan Paramasivam, Utkarsh Chadha, Senthil Kumaran Selvaraj, Anisha Arora, Harshita Pant, Necmettin Maraşlı, Divyanshi Shukla, Divyansh Srivastava, Ishika Sancheti",2022,01,01
133,Littlewood–Paley Characterization for Musielak–Orlicz–Hardy Spaces Associated with Self-Adjoint Operators,"Shunchao Long, Jiawei Shen, Yu-long Deng, Kwok-Pun Ho",2022,01,01
134,E-Commerce Information System Management Based on Data Mining and Neural Network Algorithms,"Abdul Rashid Abdullah, Choo Wei Chong, Mass Hareeza Ali, Shahid Mumtaz, Qing Zhang",2022,01,01
135,Evaluation Index of Basketball Teaching Environment Based on the Wireless Communication Network and Genetic Algorithm,"Yueping Luo, Kuruva Lakshmanna",2022,01,01
136,Analysis and Research on Audience Satisfaction of Performing Arts Projects in Tourist Scenic Spots Based on the ASCI Model and Big Data,"Lin Yu, Jiaran Ding, Hye-jin Kim",2022,01,01
